{"cameraMode":{"drawMode":0,"name":"Shaded","section":"Shading Mode"},"sceneLighting":false,"audioPlay":false,"sceneViewState":{"m_AlwaysRefresh":true,"showFog":true,"showSkybox":true,"showFlares":true,"showImageEffects":true,"showParticleSystems":true,"showVisualEffectGraphs":true,"m_FxEnabled":true},"in2DMode":false,"pivot":{"x":0.02794736623764038,"y":0.5622682571411133,"z":-0.058492422103881839},"rotation":{"x":-0.25404417514801028,"y":0.6960115432739258,"z":-0.292474627494812,"w":-0.6045634150505066},"size":1.2948505878448487,"orthographic":false}